<dependencies>
  <packages>
    <package>com.adcolony:sdk:4.2.4</package>
    <package>com.android.support:appcompat-v7:25.3.1</package>
    <package>com.android.support:cardview-v7:25.3.1</package>
    <package>com.android.support:customtabs:25.3.1</package>
    <package>com.android.support:support-v4:25.3.1</package>
    <package>com.applovin:applovin-sdk:9.14.6</package>
    <package>com.facebook.android:audience-network-sdk:6.2.0</package>
    <package>com.facebook.android:facebook-applinks:[6.2.0, 7)</package>
    <package>com.facebook.android:facebook-core:[6.2.0, 7)</package>
    <package>com.facebook.android:facebook-gamingservices:[6.2.0, 7)</package>
    <package>com.facebook.android:facebook-login:[6.2.0, 7)</package>
    <package>com.facebook.android:facebook-share:[6.2.0, 7)</package>
    <package>com.google.android.gms:play-services-ads-identifier:17.0.0</package>
    <package>com.google.android.gms:play-services-basement:17.2.1</package>
    <package>com.ironsource.adapters:adcolonyadapter:4.3.4</package>
    <package>com.ironsource.adapters:applovinadapter:4.3.20</package>
    <package>com.ironsource.adapters:facebookadapter:4.3.23</package>
    <package>com.ironsource.adapters:unityadsadapter:4.3.7</package>
    <package>com.ironsource.sdk:mediationsdk:7.0.3.1</package>
    <package>com.parse.bolts:bolts-android:1.4.0</package>
    <package>com.unity3d.ads:unity-ads:3.5.0</package>
  </packages>
  <files>
    <file>Assets/Plugins/Android/androidx.annotation.annotation-1.1.0.jar</file>
    <file>Assets/Plugins/Android/androidx.appcompat.appcompat-1.0.0.aar</file>
    <file>Assets/Plugins/Android/androidx.arch.core.core-common-2.0.0.jar</file>
    <file>Assets/Plugins/Android/androidx.arch.core.core-runtime-2.0.0.aar</file>
    <file>Assets/Plugins/Android/androidx.asynclayoutinflater.asynclayoutinflater-1.0.0.aar</file>
    <file>Assets/Plugins/Android/androidx.browser.browser-1.0.0.aar</file>
    <file>Assets/Plugins/Android/androidx.cardview.cardview-1.0.0.aar</file>
    <file>Assets/Plugins/Android/androidx.collection.collection-1.0.0.jar</file>
    <file>Assets/Plugins/Android/androidx.coordinatorlayout.coordinatorlayout-1.0.0.aar</file>
    <file>Assets/Plugins/Android/androidx.core.core-1.2.0.aar</file>
    <file>Assets/Plugins/Android/androidx.cursoradapter.cursoradapter-1.0.0.aar</file>
    <file>Assets/Plugins/Android/androidx.customview.customview-1.0.0.aar</file>
    <file>Assets/Plugins/Android/androidx.documentfile.documentfile-1.0.0.aar</file>
    <file>Assets/Plugins/Android/androidx.drawerlayout.drawerlayout-1.0.0.aar</file>
    <file>Assets/Plugins/Android/androidx.fragment.fragment-1.0.0.aar</file>
    <file>Assets/Plugins/Android/androidx.interpolator.interpolator-1.0.0.aar</file>
    <file>Assets/Plugins/Android/androidx.legacy.legacy-support-core-ui-1.0.0.aar</file>
    <file>Assets/Plugins/Android/androidx.legacy.legacy-support-core-utils-1.0.0.aar</file>
    <file>Assets/Plugins/Android/androidx.legacy.legacy-support-v4-1.0.0.aar</file>
    <file>Assets/Plugins/Android/androidx.lifecycle.lifecycle-common-2.0.0.jar</file>
    <file>Assets/Plugins/Android/androidx.lifecycle.lifecycle-livedata-2.0.0.aar</file>
    <file>Assets/Plugins/Android/androidx.lifecycle.lifecycle-livedata-core-2.0.0.aar</file>
    <file>Assets/Plugins/Android/androidx.lifecycle.lifecycle-runtime-2.0.0.aar</file>
    <file>Assets/Plugins/Android/androidx.lifecycle.lifecycle-viewmodel-2.0.0.aar</file>
    <file>Assets/Plugins/Android/androidx.loader.loader-1.0.0.aar</file>
    <file>Assets/Plugins/Android/androidx.localbroadcastmanager.localbroadcastmanager-1.0.0.aar</file>
    <file>Assets/Plugins/Android/androidx.media.media-1.0.0.aar</file>
    <file>Assets/Plugins/Android/androidx.print.print-1.0.0.aar</file>
    <file>Assets/Plugins/Android/androidx.slidingpanelayout.slidingpanelayout-1.0.0.aar</file>
    <file>Assets/Plugins/Android/androidx.swiperefreshlayout.swiperefreshlayout-1.0.0.aar</file>
    <file>Assets/Plugins/Android/androidx.vectordrawable.vectordrawable-1.0.0.aar</file>
    <file>Assets/Plugins/Android/androidx.vectordrawable.vectordrawable-animated-1.0.0.aar</file>
    <file>Assets/Plugins/Android/androidx.versionedparcelable.versionedparcelable-1.1.0.aar</file>
    <file>Assets/Plugins/Android/androidx.viewpager.viewpager-1.0.0.aar</file>
    <file>Assets/Plugins/Android/com.adcolony.sdk-4.2.4.aar</file>
    <file>Assets/Plugins/Android/com.android.installreferrer.installreferrer-1.0.aar</file>
    <file>Assets/Plugins/Android/com.applovin.applovin-sdk-9.14.6.aar</file>
    <file>Assets/Plugins/Android/com.facebook.android.audience-network-sdk-6.2.0.aar</file>
    <file>Assets/Plugins/Android/com.facebook.android.facebook-applinks-6.5.1.aar</file>
    <file>Assets/Plugins/Android/com.facebook.android.facebook-common-6.5.1.aar</file>
    <file>Assets/Plugins/Android/com.facebook.android.facebook-core-6.5.1.aar</file>
    <file>Assets/Plugins/Android/com.facebook.android.facebook-gamingservices-6.5.1.aar</file>
    <file>Assets/Plugins/Android/com.facebook.android.facebook-login-6.5.1.aar</file>
    <file>Assets/Plugins/Android/com.facebook.android.facebook-share-6.5.1.aar</file>
    <file>Assets/Plugins/Android/com.google.android.gms.play-services-ads-identifier-17.0.0.aar</file>
    <file>Assets/Plugins/Android/com.google.android.gms.play-services-basement-17.2.1.aar</file>
    <file>Assets/Plugins/Android/com.google.zxing.core-3.3.3.jar</file>
    <file>Assets/Plugins/Android/com.ironsource.adapters.adcolonyadapter-4.3.4.aar</file>
    <file>Assets/Plugins/Android/com.ironsource.adapters.applovinadapter-4.3.20.aar</file>
    <file>Assets/Plugins/Android/com.ironsource.adapters.facebookadapter-4.3.23.aar</file>
    <file>Assets/Plugins/Android/com.ironsource.adapters.unityadsadapter-4.3.7.aar</file>
    <file>Assets/Plugins/Android/com.ironsource.sdk.mediationsdk-7.0.3.1.aar</file>
    <file>Assets/Plugins/Android/com.parse.bolts.bolts-android-1.4.0.jar</file>
    <file>Assets/Plugins/Android/com.parse.bolts.bolts-applinks-1.4.0.jar</file>
    <file>Assets/Plugins/Android/com.parse.bolts.bolts-tasks-1.4.0.jar</file>
    <file>Assets/Plugins/Android/com.unity3d.ads.unity-ads-3.5.0.aar</file>
  </files>
  <settings>
    <setting name="androidAbis" value="arm64-v8a,armeabi-v7a" />
    <setting name="bundleId" value="com.HiSpin.DailyCash.HugeRewards.FreeGame" />
    <setting name="explodeAars" value="True" />
    <setting name="gradleBuildEnabled" value="True" />
    <setting name="gradleTemplateEnabled" value="False" />
    <setting name="installAndroidPackages" value="True" />
    <setting name="localMavenRepoDir" value="Assets/GeneratedLocalRepo" />
    <setting name="packageDir" value="Assets/Plugins/Android" />
    <setting name="patchAndroidManifest" value="True" />
    <setting name="patchMainTemplateGradle" value="True" />
    <setting name="projectExportEnabled" value="False" />
    <setting name="useJetifier" value="True" />
  </settings>
</dependencies>