<dependencies>
    <unityversion>4.3.7.1</unityversion>
  <androidPackages>
    <androidPackage spec="com.adcolony:sdk:4.2.4">
      <repositories>
        <repository>https://adcolony.bintray.com/AdColony/</repository>
      </repositories>
    </androidPackage>
  </androidPackages>

    <androidPackages>
    <androidPackage spec="com.ironsource.adapters:adcolonyadapter:4.3.4">
      <repositories>
        <repository>https://dl.bintray.com/ironsource-mobile/android-adapters/</repository>
      </repositories>
    </androidPackage>
  </androidPackages>

  <iosPods>
    <iosPod name="IronSourceAdColonyAdapter" version="4.3.4.1">
      <sources>
        <source>https://github.com/CocoaPods/Specs</source>
      </sources>
    </iosPod>
  </iosPods>
</dependencies>
