<dependencies>
    <unityversion>4.3.9</unityversion>

    <androidPackages>
    <androidPackage spec="com.ironsource.adapters:unityadsadapter:4.3.8">
      <repositories>
        <repository>https://dl.bintray.com/ironsource-mobile/android-adapters/</repository>
      </repositories>
    </androidPackage>
  </androidPackages>
    <androidPackages>
      <androidPackage spec="com.unity3d.ads:unity-ads:3.5.1">
        <repositories>
          <repository>https://maven.google.com/</repository>
        </repositories>
      </androidPackage>
    </androidPackages>

  <iosPods>
    <iosPod name="IronSourceUnityAdsAdapter" version="4.3.6.0">
      <sources>
        <source>https://github.com/CocoaPods/Specs</source>
      </sources>
    </iosPod>
  </iosPods>
</dependencies>
